{"cameraMode":{"drawMode":0,"name":"Shaded","section":"Shading Mode"},"sceneLighting":true,"audioPlay":false,"sceneViewState":{"showFog":true,"showMaterialUpdate":false,"showSkybox":true,"showFlares":true,"showImageEffects":true,"showParticleSystems":true},"in2DMode":false,"pivot":{"x":1.414794921875,"y":0.7049942016601563,"z":-0.358154296875},"rotation":{"x":0.012090817093849182,"y":0.3480308949947357,"z":-0.0044890944845974449,"w":0.937394380569458},"size":2.188581943511963,"orthographic":true}