{"cameraMode":{"drawMode":0,"name":"Shaded","section":"Shading Mode"},"sceneLighting":true,"audioPlay":false,"sceneViewState":{"showFog":true,"showMaterialUpdate":false,"showSkybox":true,"showFlares":true,"showImageEffects":true,"showParticleSystems":true},"in2DMode":false,"pivot":{"x":-0.10813522338867188,"y":3.14990234375,"z":-1.8828125},"rotation":{"x":0.22690390050411225,"y":0.0014617403503507376,"z":-0.0003405848692636937,"w":0.9739160537719727},"size":7.039435863494873,"orthographic":true}