{"cameraMode":{"drawMode":0,"name":"Shaded","section":"Shading Mode"},"sceneLighting":true,"audioPlay":false,"sceneViewState":{"showFog":true,"showMaterialUpdate":false,"showSkybox":true,"showFlares":true,"showImageEffects":true,"showParticleSystems":true},"in2DMode":false,"pivot":{"x":2.8049864768981935,"y":2.7000036239624025,"z":0.0},"rotation":{"x":0.20389878749847413,"y":0.33016371726989748,"z":-0.07327501475811005,"w":0.9187209010124207},"size":1.5869193077087403,"orthographic":true}