{"cameraMode":{"drawMode":0,"name":"Shaded","section":"Shading Mode"},"sceneLighting":false,"audioPlay":false,"sceneViewState":{"showFog":true,"showMaterialUpdate":false,"showSkybox":true,"showFlares":true,"showImageEffects":true,"showParticleSystems":true},"in2DMode":false,"pivot":{"x":0.8478779196739197,"y":2.8341145515441896,"z":-2.057992935180664},"rotation":{"x":-0.23926661908626557,"y":-0.038725707679986957,"z":0.009560163132846356,"w":-0.9701342582702637},"size":1.9754271507263184,"orthographic":false}