{"cameraMode":{"drawMode":0,"name":"Shaded","section":"Shading Mode"},"sceneLighting":true,"audioPlay":false,"sceneViewState":{"showFog":true,"showMaterialUpdate":false,"showSkybox":true,"showFlares":true,"showImageEffects":true,"showParticleSystems":true},"in2DMode":false,"pivot":{"x":3.055877685546875,"y":-52.759254455566409,"z":77.39837646484375},"rotation":{"x":0.29207339882850649,"y":0.009788459166884423,"z":-0.002871745964512229,"w":0.9563415050506592},"size":106.36599731445313,"orthographic":false}