{"cameraMode":{"drawMode":0,"name":"Shaded","section":"Shading Mode"},"sceneLighting":false,"audioPlay":false,"sceneViewState":{"showFog":true,"showMaterialUpdate":false,"showSkybox":true,"showFlares":true,"showImageEffects":true,"showParticleSystems":true},"in2DMode":false,"pivot":{"x":0.0,"y":-1.2928931713104249,"z":-2.9802322387695315e-8},"rotation":{"x":-0.30432984232902529,"y":0.020570920780301095,"z":-0.006573666352778673,"w":-0.9523218870162964},"size":1.3000493049621583,"orthographic":false}