{"cameraMode":{"drawMode":0,"name":"Shaded","section":"Shading Mode"},"sceneLighting":true,"audioPlay":false,"sceneViewState":{"showFog":true,"showMaterialUpdate":false,"showSkybox":true,"showFlares":true,"showImageEffects":true,"showParticleSystems":true},"in2DMode":false,"pivot":{"x":1.2054320573806763,"y":1.932651162147522,"z":-1.2204726934432984},"rotation":{"x":-0.15114888548851014,"y":-0.19522729516029359,"z":0.030470574274659158,"w":-0.9685617685317993},"size":6.0452351570129398,"orthographic":false}