{"cameraMode":{"drawMode":0,"name":"Shaded","section":"Shading Mode"},"sceneLighting":false,"audioPlay":false,"sceneViewState":{"showFog":true,"showMaterialUpdate":false,"showSkybox":true,"showFlares":true,"showImageEffects":true,"showParticleSystems":true},"in2DMode":false,"pivot":{"x":391.2680969238281,"y":352.8682861328125,"z":-118.1895751953125},"rotation":{"x":0.16668368875980378,"y":0.29830223321914675,"z":-0.052990153431892398,"w":0.9383093118667603},"size":712.2125244140625,"orthographic":false}