{"cameraMode":{"drawMode":0,"name":"Shaded","section":"Shading Mode"},"sceneLighting":true,"audioPlay":false,"sceneViewState":{"showFog":true,"showMaterialUpdate":false,"showSkybox":true,"showFlares":true,"showImageEffects":true,"showParticleSystems":true},"in2DMode":false,"pivot":{"x":1.23823082447052,"y":2.6357877254486086,"z":-1.9897223711013795},"rotation":{"x":-0.33809220790863039,"y":-0.15374107658863069,"z":0.0561060793697834,"w":-0.926773726940155},"size":1.5469868183135987,"orthographic":false}