{"cameraMode":{"drawMode":0,"name":"Shaded","section":"Shading Mode"},"sceneLighting":true,"audioPlay":false,"sceneViewState":{"showFog":true,"showMaterialUpdate":false,"showSkybox":true,"showFlares":true,"showImageEffects":true,"showParticleSystems":true},"in2DMode":false,"pivot":{"x":2.9127092361450197,"y":2.6663548946380617,"z":-1.0766222476959229},"rotation":{"x":0.38110584020614626,"y":0.10916859656572342,"z":-0.045374125242233279,"w":0.9169415831565857},"size":5.510042667388916,"orthographic":true}