{"cameraMode":{"drawMode":0,"name":"Shaded","section":"Shading Mode"},"sceneLighting":true,"audioPlay":false,"sceneViewState":{"showFog":true,"showMaterialUpdate":false,"showSkybox":true,"showFlares":true,"showImageEffects":true,"showParticleSystems":true},"in2DMode":false,"pivot":{"x":5.6773681640625,"y":1.80126953125,"z":-1.1689453125},"rotation":{"x":0.43815284967422488,"y":0.10475895553827286,"z":-0.051502250134944919,"w":0.8912885785102844},"size":6.709256649017334,"orthographic":true}