{"cameraMode":{"drawMode":0,"name":"Shaded","section":"Shading Mode"},"sceneLighting":true,"audioPlay":false,"sceneViewState":{"showFog":true,"showMaterialUpdate":false,"showSkybox":true,"showFlares":true,"showImageEffects":true,"showParticleSystems":true},"in2DMode":false,"pivot":{"x":3.2226204872131349,"y":0.37979137897491457,"z":1.1952627897262574},"rotation":{"x":-0.18654762208461762,"y":0.04036711901426315,"z":-0.007667216472327709,"w":-0.9815863966941834},"size":5.913086414337158,"orthographic":false}