{"cameraMode":{"drawMode":0,"name":"Shaded","section":"Shading Mode"},"sceneLighting":true,"audioPlay":false,"sceneViewState":{"showFog":true,"showMaterialUpdate":false,"showSkybox":true,"showFlares":true,"showImageEffects":true,"showParticleSystems":true},"in2DMode":false,"pivot":{"x":1.4840189218521119,"y":0.9701986312866211,"z":-0.45035886764526369},"rotation":{"x":-0.44991570711135867,"y":-0.020893990993499757,"z":0.01053118146955967,"w":-0.8927645087242127},"size":4.982676982879639,"orthographic":false}