{"cameraMode":{"drawMode":0,"name":"Shaded","section":"Shading Mode"},"sceneLighting":true,"audioPlay":false,"sceneViewState":{"showFog":true,"showMaterialUpdate":false,"showSkybox":true,"showFlares":true,"showImageEffects":true,"showParticleSystems":true},"in2DMode":false,"pivot":{"x":14.705951690673829,"y":0.31033745408058169,"z":-1.1975479125976563},"rotation":{"x":0.33902281522750857,"y":0.012458949349820614,"z":-0.004365928471088409,"w":0.9406855702400208},"size":1219.4879150390625,"orthographic":false}