{"cameraMode":{"drawMode":0,"name":"Shaded","section":"Shading Mode"},"sceneLighting":true,"audioPlay":false,"sceneViewState":{"showFog":true,"showMaterialUpdate":false,"showSkybox":true,"showFlares":true,"showImageEffects":true,"showParticleSystems":true},"in2DMode":false,"pivot":{"x":1.3182392120361329,"y":6.4206862449646,"z":-1.0244009494781495},"rotation":{"x":0.26239100098609927,"y":-0.002313929609954357,"z":0.000629219226539135,"w":0.964958667755127},"size":18.49606704711914,"orthographic":false}