{"cameraMode":{"drawMode":0,"name":"Shaded","section":"Shading Mode"},"sceneLighting":false,"audioPlay":false,"sceneViewState":{"showFog":true,"showMaterialUpdate":false,"showSkybox":true,"showFlares":true,"showImageEffects":true,"showParticleSystems":true},"in2DMode":false,"pivot":{"x":3.2226204872131349,"y":0.37979137897491457,"z":1.1952627897262574},"rotation":{"x":-0.33541467785835268,"y":0.3956710398197174,"z":-0.15794354677200318,"w":-0.8402352929115295},"size":22.0,"orthographic":false}