{"cameraMode":{"drawMode":0,"name":"Shaded","section":"Shading Mode"},"sceneLighting":true,"audioPlay":false,"sceneViewState":{"showFog":true,"showMaterialUpdate":false,"showSkybox":true,"showFlares":true,"showImageEffects":true,"showParticleSystems":true},"in2DMode":false,"pivot":{"x":3.2226204872131349,"y":0.37979137897491457,"z":1.1952627897262574},"rotation":{"x":-0.15114888548851014,"y":-0.19522729516029359,"z":0.030470574274659158,"w":-0.9685617685317993},"size":22.0,"orthographic":false}