{"cameraMode":{"drawMode":0,"name":"Shaded","section":"Shading Mode"},"sceneLighting":false,"audioPlay":false,"sceneViewState":{"showFog":true,"showMaterialUpdate":false,"showSkybox":true,"showFlares":true,"showImageEffects":true,"showParticleSystems":true},"in2DMode":false,"pivot":{"x":-2.0999999046325685,"y":1.2000000476837159,"z":2.0558533668518068},"rotation":{"x":0.21884329617023469,"y":0.45129919052124026,"z":-0.1151881292462349,"w":0.8574196100234985},"size":4.309976100921631,"orthographic":true}