{"cameraMode":{"drawMode":0,"name":"Shaded","section":"Shading Mode"},"sceneLighting":true,"audioPlay":false,"sceneViewState":{"showFog":true,"showMaterialUpdate":false,"showSkybox":true,"showFlares":true,"showImageEffects":true,"showParticleSystems":true},"in2DMode":false,"pivot":{"x":1.2000000476837159,"y":2.697023868560791,"z":-2.3387584686279299},"rotation":{"x":0.12403373420238495,"y":0.28591763973236086,"z":-0.0373571440577507,"w":0.9494584202766419},"size":5.515163898468018,"orthographic":true}