{"cameraMode":{"drawMode":0,"name":"Shaded","section":"Shading Mode"},"sceneLighting":true,"audioPlay":false,"sceneViewState":{"showFog":true,"showMaterialUpdate":false,"showSkybox":true,"showFlares":true,"showImageEffects":true,"showParticleSystems":true},"in2DMode":false,"pivot":{"x":7.905029296875,"y":-11.64453125,"z":16.94921875},"rotation":{"x":0.33578217029571535,"y":-0.04800938814878464,"z":0.017139628529548646,"w":0.9405592679977417},"size":8.164570808410645,"orthographic":true}