{"cameraMode":{"drawMode":0,"name":"Shaded","section":"Shading Mode"},"sceneLighting":true,"audioPlay":false,"sceneViewState":{"showFog":true,"showMaterialUpdate":false,"showSkybox":true,"showFlares":true,"showImageEffects":true,"showParticleSystems":true},"in2DMode":false,"pivot":{"x":3.2226204872131349,"y":0.37979137897491457,"z":1.1952627897262574},"rotation":{"x":-0.2227405160665512,"y":-0.20383211970329286,"z":0.04769432544708252,"w":-0.952136754989624},"size":11.547019004821778,"orthographic":false}