{"cameraMode":{"drawMode":0,"name":"Shaded","section":"Shading Mode"},"sceneLighting":true,"audioPlay":false,"sceneViewState":{"showFog":true,"showMaterialUpdate":false,"showSkybox":true,"showFlares":true,"showImageEffects":true,"showParticleSystems":true},"in2DMode":false,"pivot":{"x":2.1415467262268068,"y":2.276089668273926,"z":-1.0303561687469483},"rotation":{"x":0.3618934452533722,"y":0.28547000885009768,"z":-0.11744590848684311,"w":0.879628598690033},"size":2.0020759105682375,"orthographic":false}