{"cameraMode":{"drawMode":0,"name":"Shaded","section":"Shading Mode"},"sceneLighting":true,"audioPlay":false,"sceneViewState":{"showFog":true,"showMaterialUpdate":false,"showSkybox":true,"showFlares":true,"showImageEffects":true,"showParticleSystems":true},"in2DMode":false,"pivot":{"x":3.8929996490478517,"y":0.3399999439716339,"z":0.0},"rotation":{"x":-0.15114888548851014,"y":-0.19522729516029359,"z":0.030470574274659158,"w":-0.9685617685317993},"size":14.504392623901368,"orthographic":false}