{"cameraMode":{"drawMode":0,"name":"Shaded","section":"Shading Mode"},"sceneLighting":true,"audioPlay":false,"sceneViewState":{"showFog":true,"showMaterialUpdate":false,"showSkybox":true,"showFlares":true,"showImageEffects":true,"showParticleSystems":true},"in2DMode":false,"pivot":{"x":0.830810546875,"y":0.5693359375,"z":-0.19580078125},"rotation":{"x":0.41092896461486819,"y":0.03963756188750267,"z":-0.017888251692056657,"w":0.9106296300888062},"size":5.693387985229492,"orthographic":true}