{"cameraMode":{"drawMode":0,"name":"Shaded","section":"Shading Mode"},"sceneLighting":true,"audioPlay":false,"sceneViewState":{"showFog":true,"showMaterialUpdate":false,"showSkybox":true,"showFlares":true,"showImageEffects":true,"showParticleSystems":true},"in2DMode":false,"pivot":{"x":1.0647542476654053,"y":1.2843819856643677,"z":-1.069964051246643},"rotation":{"x":-0.17638002336025239,"y":-0.003841788973659277,"z":0.0006888037314638495,"w":-0.9843144416809082},"size":1.2071177959442139,"orthographic":false}