{"cameraMode":{"drawMode":0,"name":"Shaded","section":"Shading Mode"},"sceneLighting":false,"audioPlay":false,"sceneViewState":{"showFog":true,"showMaterialUpdate":false,"showSkybox":true,"showFlares":true,"showImageEffects":true,"showParticleSystems":true},"in2DMode":false,"pivot":{"x":3.7506818771362306,"y":0.5,"z":-2.5854454040527345},"rotation":{"x":-0.2944234013557434,"y":-0.44862979650497439,"z":0.15940408408641816,"w":-0.8286353349685669},"size":5.241666793823242,"orthographic":false}