{"cameraMode":{"drawMode":0,"name":"Shaded","section":"Shading Mode"},"sceneLighting":true,"audioPlay":false,"sceneViewState":{"showFog":true,"showMaterialUpdate":false,"showSkybox":true,"showFlares":true,"showImageEffects":true,"showParticleSystems":true},"in2DMode":false,"pivot":{"x":2.198089599609375,"y":-1.216796875,"z":3.6435546875},"rotation":{"x":0.2978060245513916,"y":0.007158690597862005,"z":-0.0022391972597688438,"w":0.9545969367027283},"size":6.140439987182617,"orthographic":true}