{"cameraMode":{"drawMode":0,"name":"Shaded","section":"Shading Mode"},"sceneLighting":true,"audioPlay":false,"sceneViewState":{"showFog":true,"showMaterialUpdate":false,"showSkybox":true,"showFlares":true,"showImageEffects":true,"showParticleSystems":true},"in2DMode":false,"pivot":{"x":2.758471965789795,"y":1.9070008993148804,"z":-1.8359934091567994},"rotation":{"x":0.34737175703048708,"y":0.025313949212431909,"z":-0.009386124089360237,"w":0.9373387694358826},"size":3.226628541946411,"orthographic":true}