{"cameraMode":{"drawMode":0,"name":"Shaded","section":"Shading Mode"},"sceneLighting":false,"audioPlay":false,"sceneViewState":{"showFog":true,"showMaterialUpdate":false,"showSkybox":true,"showFlares":true,"showImageEffects":true,"showParticleSystems":true},"in2DMode":false,"pivot":{"x":-2.0999999046325685,"y":1.2000000476837159,"z":2.0558533668518068},"rotation":{"x":0.2719268798828125,"y":-0.005772941280156374,"z":0.0016302064759656788,"w":0.9622992277145386},"size":4.309976100921631,"orthographic":true}