{"cameraMode":{"drawMode":0,"name":"Shaded","section":"Shading Mode"},"sceneLighting":true,"audioPlay":false,"sceneViewState":{"showFog":true,"showMaterialUpdate":false,"showSkybox":true,"showFlares":true,"showImageEffects":true,"showParticleSystems":true},"in2DMode":false,"pivot":{"x":-1.2217944860458375,"y":-55.34461975097656,"z":50.915950775146487},"rotation":{"x":0.2678602933883667,"y":0.2603588402271271,"z":-0.07542947679758072,"w":0.9245401620864868},"size":743.243408203125,"orthographic":true}