{"cameraMode":{"drawMode":0,"name":"Shaded","section":"Shading Mode"},"sceneLighting":true,"audioPlay":false,"sceneViewState":{"showFog":true,"showMaterialUpdate":false,"showSkybox":true,"showFlares":true,"showImageEffects":true,"showParticleSystems":true},"in2DMode":false,"pivot":{"x":-0.99462890625,"y":2.30029296875,"z":-0.9609375},"rotation":{"x":0.4274653196334839,"y":0.027114206925034524,"z":-0.012829499319195748,"w":0.9035339951515198},"size":7.2511749267578129,"orthographic":true}