{"cameraMode":{"drawMode":0,"name":"Shaded","section":"Shading Mode"},"sceneLighting":true,"audioPlay":false,"sceneViewState":{"showFog":true,"showMaterialUpdate":false,"showSkybox":true,"showFlares":true,"showImageEffects":true,"showParticleSystems":true},"in2DMode":false,"pivot":{"x":295.27520751953127,"y":184.8733673095703,"z":-43.041656494140628},"rotation":{"x":0.07999024540185929,"y":0.2106945812702179,"z":-0.01718560978770256,"w":0.9741222262382507},"size":442.2015686035156,"orthographic":false}