{"cameraMode":{"drawMode":0,"name":"Shaded","section":"Shading Mode"},"sceneLighting":false,"audioPlay":false,"sceneViewState":{"showFog":true,"showMaterialUpdate":false,"showSkybox":true,"showFlares":true,"showImageEffects":true,"showParticleSystems":true},"in2DMode":false,"pivot":{"x":1.1999969482421876,"y":-67.28067779541016,"z":67.96068572998047},"rotation":{"x":-0.16295719146728517,"y":-0.03787901997566223,"z":0.006261406932026148,"w":-0.9858858585357666},"size":675.1065063476563,"orthographic":false}