{"cameraMode":{"drawMode":0,"name":"Shaded","section":"Shading Mode"},"sceneLighting":false,"audioPlay":false,"sceneViewState":{"showFog":true,"showMaterialUpdate":false,"showSkybox":true,"showFlares":true,"showImageEffects":true,"showParticleSystems":true},"in2DMode":false,"pivot":{"x":1.2000000476837159,"y":2.670645236968994,"z":-0.8223491907119751},"rotation":{"x":0.435707151889801,"y":0.11450625211000443,"z":-0.05599263682961464,"w":0.8910176753997803},"size":1.0393140316009522,"orthographic":false}