{"cameraMode":{"drawMode":0,"name":"Shaded","section":"Shading Mode"},"sceneLighting":true,"audioPlay":false,"sceneViewState":{"showFog":true,"showMaterialUpdate":false,"showSkybox":true,"showFlares":true,"showImageEffects":true,"showParticleSystems":true},"in2DMode":false,"pivot":{"x":3.953354835510254,"y":-0.05738169699907303,"z":-3.4096691608428957},"rotation":{"x":-0.4446732699871063,"y":-0.0008088545873761177,"z":0.0004016768652945757,"w":-0.8956924676895142},"size":13.287947654724121,"orthographic":false}