{"cameraMode":{"drawMode":0,"name":"Shaded","section":"Shading Mode"},"sceneLighting":true,"audioPlay":false,"sceneViewState":{"showFog":true,"showMaterialUpdate":false,"showSkybox":true,"showFlares":true,"showImageEffects":true,"showParticleSystems":true},"in2DMode":false,"pivot":{"x":-3.0494747161865236,"y":3.597578763961792,"z":-0.1626720428466797},"rotation":{"x":-0.14090023934841157,"y":-0.554670512676239,"z":0.09596162289381027,"w":-0.8144195675849915},"size":6.453403472900391,"orthographic":false}