{"cameraMode":{"drawMode":0,"name":"Shaded","section":"Shading Mode"},"sceneLighting":true,"audioPlay":false,"sceneViewState":{"showFog":true,"showMaterialUpdate":false,"showSkybox":true,"showFlares":true,"showImageEffects":true,"showParticleSystems":true},"in2DMode":false,"pivot":{"x":3.8929996490478517,"y":0.3399999439716339,"z":0.0},"rotation":{"x":-0.2568877041339874,"y":-0.00812077708542347,"z":0.002158637624233961,"w":-0.9664047956466675},"size":4.0416579246521,"orthographic":false}