{"cameraMode":{"drawMode":0,"name":"Shaded","section":"Shading Mode"},"sceneLighting":false,"audioPlay":false,"sceneViewState":{"showFog":true,"showMaterialUpdate":false,"showSkybox":true,"showFlares":true,"showImageEffects":true,"showParticleSystems":true},"in2DMode":false,"pivot":{"x":1.2000000476837159,"y":2.0864973068237306,"z":-1.4064970016479493},"rotation":{"x":-0.49496209621429446,"y":0.00703557999804616,"z":-0.0040079522877931599,"w":-0.8688768148422241},"size":8.596270561218262,"orthographic":false}