{"cameraMode":{"drawMode":0,"name":"Shaded","section":"Shading Mode"},"sceneLighting":false,"audioPlay":false,"sceneViewState":{"showFog":true,"showMaterialUpdate":false,"showSkybox":true,"showFlares":true,"showImageEffects":true,"showParticleSystems":true},"in2DMode":false,"pivot":{"x":-0.010000000707805157,"y":-1.996464490890503,"z":0.01060660369694233},"rotation":{"x":-0.6227906346321106,"y":-0.003053574124351144,"z":0.002430546563118696,"w":-0.7823787927627564},"size":0.3100069761276245,"orthographic":false}