{"cameraMode":{"drawMode":0,"name":"Shaded","section":"Shading Mode"},"sceneLighting":true,"audioPlay":false,"sceneViewState":{"showFog":true,"showMaterialUpdate":false,"showSkybox":true,"showFlares":true,"showImageEffects":true,"showParticleSystems":true},"in2DMode":false,"pivot":{"x":-11.468059539794922,"y":-44.79029846191406,"z":21.807703018188478},"rotation":{"x":-0.49496209621429446,"y":0.00703557999804616,"z":-0.0040079522877931599,"w":-0.8688768148422241},"size":149.03904724121095,"orthographic":false}