{"cameraMode":{"drawMode":0,"name":"Shaded","section":"Shading Mode"},"sceneLighting":true,"audioPlay":false,"sceneViewState":{"showFog":true,"showMaterialUpdate":false,"showSkybox":true,"showFlares":true,"showImageEffects":true,"showParticleSystems":true},"in2DMode":false,"pivot":{"x":1.2287635803222657,"y":-0.1791667938232422,"z":1.41620671749115},"rotation":{"x":-0.6227906346321106,"y":-0.003053574124351144,"z":0.002430546563118696,"w":-0.7823787927627564},"size":11.945507049560547,"orthographic":false}