{"cameraMode":{"drawMode":0,"name":"Shaded","section":"Shading Mode"},"sceneLighting":false,"audioPlay":false,"sceneViewState":{"showFog":true,"showMaterialUpdate":false,"showSkybox":true,"showFlares":true,"showImageEffects":true,"showParticleSystems":true},"in2DMode":false,"pivot":{"x":1.8539624214172364,"y":2.009547710418701,"z":1.7113103866577149},"rotation":{"x":-0.17488332092761994,"y":-0.01565711759030819,"z":0.0027813513297587635,"w":-0.9844607710838318},"size":14.915789604187012,"orthographic":false}