{"cameraMode":{"drawMode":0,"name":"Shaded","section":"Shading Mode"},"sceneLighting":true,"audioPlay":false,"sceneViewState":{"showFog":true,"showMaterialUpdate":false,"showSkybox":true,"showFlares":true,"showImageEffects":true,"showParticleSystems":true},"in2DMode":false,"pivot":{"x":6.285952091217041,"y":2.7658190727233888,"z":-0.9971761107444763},"rotation":{"x":-0.2972301244735718,"y":0.010595174506306649,"z":-0.003298509633168578,"w":-0.9547414183616638},"size":6.237651824951172,"orthographic":false}