{"cameraMode":{"drawMode":0,"name":"Shaded","section":"Shading Mode"},"sceneLighting":true,"audioPlay":false,"sceneViewState":{"showFog":true,"showMaterialUpdate":false,"showSkybox":true,"showFlares":true,"showImageEffects":true,"showParticleSystems":true},"in2DMode":false,"pivot":{"x":-2.728182792663574,"y":1.6632490158081055,"z":-2.2292275428771974},"rotation":{"x":-0.33371999859809878,"y":-0.3616267740726471,"z":0.1404755413532257,"w":-0.8591412305831909},"size":3.853731870651245,"orthographic":false}