{"cameraMode":{"drawMode":0,"name":"Shaded","section":"Shading Mode"},"sceneLighting":true,"audioPlay":false,"sceneViewState":{"showFog":true,"showMaterialUpdate":false,"showSkybox":true,"showFlares":true,"showImageEffects":true,"showParticleSystems":true},"in2DMode":false,"pivot":{"x":0.0011352896690368653,"y":-2.0253021717071535,"z":0.048885371536016467},"rotation":{"x":0.207339346408844,"y":-0.5694190859794617,"z":0.1511715203523636,"w":0.7809733748435974},"size":2.5999503135681154,"orthographic":false}