{"cameraMode":{"drawMode":0,"name":"Shaded","section":"Shading Mode"},"sceneLighting":true,"audioPlay":false,"sceneViewState":{"showFog":true,"showMaterialUpdate":false,"showSkybox":true,"showFlares":true,"showImageEffects":true,"showParticleSystems":true},"in2DMode":false,"pivot":{"x":6.51200008392334,"y":2.498894214630127,"z":1.484924077987671},"rotation":{"x":0.24762050807476045,"y":-0.0450313538312912,"z":0.011521436274051667,"w":0.9677414894104004},"size":3.9452340602874758,"orthographic":false}