{"cameraMode":{"drawMode":0,"name":"Shaded","section":"Shading Mode"},"sceneLighting":true,"audioPlay":false,"sceneViewState":{"showFog":true,"showMaterialUpdate":false,"showSkybox":true,"showFlares":true,"showImageEffects":true,"showParticleSystems":true},"in2DMode":false,"pivot":{"x":0.049433425068855289,"y":-0.9897012710571289,"z":-1.2631359100341797},"rotation":{"x":0.2362448126077652,"y":0.0029166992753744127,"z":-0.0007095677428878844,"w":0.971688985824585},"size":16.759075164794923,"orthographic":false}