{"cameraMode":{"drawMode":0,"name":"Shaded","section":"Shading Mode"},"sceneLighting":true,"audioPlay":false,"sceneViewState":{"showFog":true,"showMaterialUpdate":false,"showSkybox":true,"showFlares":true,"showImageEffects":true,"showParticleSystems":true},"in2DMode":false,"pivot":{"x":-0.9892423152923584,"y":1.482297658920288,"z":-1.1888022422790528},"rotation":{"x":-0.09922004491090775,"y":-0.7163524031639099,"z":0.1040981337428093,"w":-0.6827578544616699},"size":4.102688312530518,"orthographic":false}