{"cameraMode":{"drawMode":0,"name":"Shaded","section":"Shading Mode"},"sceneLighting":true,"audioPlay":false,"sceneViewState":{"showFog":true,"showMaterialUpdate":false,"showSkybox":true,"showFlares":true,"showImageEffects":true,"showParticleSystems":true},"in2DMode":false,"pivot":{"x":1.2000000476837159,"y":0.41999998688697817,"z":0.0},"rotation":{"x":0.18034619092941285,"y":0.041298266500234607,"z":-0.007581451442092657,"w":0.982706606388092},"size":2.2205469608306886,"orthographic":false}