{"cameraMode":{"drawMode":0,"name":"Shaded","section":"Shading Mode"},"sceneLighting":true,"audioPlay":false,"sceneViewState":{"showFog":true,"showMaterialUpdate":false,"showSkybox":true,"showFlares":true,"showImageEffects":true,"showParticleSystems":true},"in2DMode":false,"pivot":{"x":2.2770118713378908,"y":0.6206364631652832,"z":0.7891507148742676},"rotation":{"x":-0.2703232169151306,"y":0.08420240879058838,"z":-0.023740200325846673,"w":-0.95878666639328},"size":10.0,"orthographic":false}